Sequence_ID,Aligned_Sequence_Position,Residue
7KP3_1|Chain,2,F
7KP3_1|Chain,5,H
7KP3_1|Chain,9,W
7KP3_1|Chain,20,F
7KP3_1|Chain,36,H
7KP3_1|Chain,48,Y
7KP3_1|Chain,50,Y
7KP3_1|Chain,73,H
7KP3_1|Chain,77,Y
7KP3_1|Chain,88,Y
7KP3_1|Chain,91,Y
7KP3_1|Chain,93,H
7KP3_1|Chain,98,F
7KP3_1|Chain,108,F
7KP3_1|Chain,117,F
7KP3_1|Chain,127,F
7KP3_1|Chain,146,H
7KP3_1|Chain,147,F
7KP3_1|Chain,282,W
7WJW_1|Chain,282,F
7KP3_1|Chain,294,Y
7WJW_1|Chain,304,F
7WJW_1|Chain,349,H
7KP3_1|Chain,386,F
7WJW_1|Chain,386,Y
7KP3_1|Chain,417,F
7WJW_1|Chain,417,Y
7WJW_1|Chain,419,H
7KP3_1|Chain,424,F
7WJW_1|Chain,437,Y
7KP3_1|Chain,438,F
7KP3_1|Chain,462,Y
7KP3_1|Chain,466,Y
7KP3_1|Chain,469,W
7WJW_1|Chain,469,Y
7KP3_1|Chain,470,F
7WJW_1|Chain,475,Y
7KP3_1|Chain,480,W
7WJW_1|Chain,492,F
7KP3_1|Chain,494,F
7WJW_1|Chain,494,W
7WJW_1|Chain,500,W
7KP3_1|Chain,507,Y
7WJW_1|Chain,518,H
7WJW_1|Chain,525,F
7KP3_1|Chain,526,Y
7WJW_1|Chain,526,F
7KP3_1|Chain,547,Y
7KP3_1|Chain,568,Y
7WJW_1|Chain,571,Y
7WJW_1|Chain,578,H
7WJW_1|Chain,589,W
7KP3_1|Chain,590,Y
7WJW_1|Chain,618,H
7KP3_1|Chain,622,H
7WJW_1|Chain,700,Y
7KP3_1|Chain,704,F
